{
  "project_info": {
    "project_number": "344203060833",
    "project_id": "app2-284b5",
    "storage_bucket": "app2-284b5.appspot.com"
  },
  "client": [
    {
      "client_info": {
        "mobilesdk_app_id": "1:344203060833:android:d7ddd067e8559d5f83ec20",
        "android_client_info": {
          "package_name": "com.example.app2"
        }
      },
      "oauth_client": [],
      "api_key": [
        {
          "current_key": "AIzaSyAFj2oZ0fhHtC1Zk9OP-BNZxPwk8FsM2v4"
        }
      ],
      "services": {
        "appinvite_service": {
          "other_platform_oauth_client": []
        }
      }
    }
  ],
  "configuration_version": "1"
}